<?xml version="1.0" encoding="UTF-8"?>
<project-private xmlns="http://www.netbeans.org/ns/project-private/1">
    <editor-bookmarks xmlns="http://www.netbeans.org/ns/editor-bookmarks/2" lastBookmarkId="0"/>
    <open-files xmlns="http://www.netbeans.org/ns/projectui-open-files/2">
        <group>
            <file>file:/C:/D/T1501C/T1501C.X/main.c</file>
            <file>file:/C:/D/T1501C/T1501C.X/mcc_generated_files/adc.c</file>
            <file>file:/C:/D/T1501C/T1501C.X/mcc_generated_files/adc.h</file>
            <file>file:/C:/D/T1501C/T1501C.X/mcc_generated_files/pwm4.c</file>
        </group>
    </open-files>
</project-private>
