<?xml version="1.0" encoding="UTF-8"?>
<project-private xmlns="http://www.netbeans.org/ns/project-private/1">
    <open-files xmlns="http://www.netbeans.org/ns/projectui-open-files/2">
        <group>
            <file>file:/C:/D/mchp_projects/T1501D/T1501D.X/mcc_generated_files/nco1.c</file>
            <file>file:/C:/D/mchp_projects/T1501D/T1501D.X/main.c</file>
            <file>file:/C:/D/mchp_projects/T1501D/T1501D.X/mcc_generated_files/adc.c</file>
        </group>
    </open-files>
</project-private>
